{"a": 0.0001043784053663223, "b": 4.152810448862771}