{"a": 0.0019460289024163101, "b": 4.193729453511717}